"MonthYear","Mean Sea Level"
"1983-01-15 00:00:00",0.07
"1983-02-15 00:00:00",0.1
"1983-03-15 00:00:00",0
"1983-04-15 00:00:00",-0.11
"1983-05-15 00:00:00",-0.13
"1983-06-15 00:00:00",-0.11
"1983-07-15 00:00:00",0
"1983-08-15 00:00:00",0.11
"1983-09-15 00:00:00",0.01
"1983-10-15 00:00:00",-0.02
"1983-11-15 00:00:00",-0.22
"1983-12-15 00:00:00",-0.3
"1984-01-15 00:00:00",-0.27
"1984-02-15 00:00:00",-0.16
"1984-03-15 00:00:00",-0.2
"1984-04-15 00:00:00",-0.21
"1984-05-15 00:00:00",-0.04
"1984-06-15 00:00:00",0.1
"1984-07-15 00:00:00",0.16
"1984-08-15 00:00:00",0.3
"1984-09-15 00:00:00",0.39
"1984-10-15 00:00:00",0.44
"1984-11-15 00:00:00",0.38
"1984-12-15 00:00:00",0.34
"1985-01-15 00:00:00",0.28
"1985-02-15 00:00:00",0.19
"1985-03-15 00:00:00",-0.16
"1985-04-15 00:00:00",-0.23
"1985-05-15 00:00:00",-0.22
"1985-06-15 00:00:00",0.08
"1985-07-15 00:00:00",0.05
"1985-08-15 00:00:00",0.1
"1985-09-15 00:00:00",0.1
"1985-10-15 00:00:00",0.16
"1985-11-15 00:00:00",-0.02
"1985-12-15 00:00:00",-0.24
"1986-01-15 00:00:00",-0.22
"1986-02-15 00:00:00",-0.11
"1986-03-15 00:00:00",-0.17
"1986-04-15 00:00:00",-0.32
"1986-05-15 00:00:00",-0.37
"1986-06-15 00:00:00",-0.32
"1986-07-15 00:00:00",-0.32
"1986-08-15 00:00:00",-0.13
"1986-09-15 00:00:00",-0.09
"1986-10-15 00:00:00",-0.13
"1986-11-15 00:00:00",0.02
"1986-12-15 00:00:00",-0.2
"1987-01-15 00:00:00",-0.14
"1987-02-15 00:00:00",-0.1
"1987-03-15 00:00:00",-0.12
"1987-04-15 00:00:00",-0.2
"1987-05-15 00:00:00",-0.24
"1987-06-15 00:00:00",-0.2
"1987-07-15 00:00:00",-0.27
"1987-08-15 00:00:00",-0.11
"1987-09-15 00:00:00",-0.11
"1987-10-15 00:00:00",-0.16
"1987-11-15 00:00:00",0.14
"1987-12-15 00:00:00",0.24
"1988-01-15 00:00:00",0.1
"1988-02-15 00:00:00",0.1
"1988-03-15 00:00:00",0.15
"1988-04-15 00:00:00",0.18
"1988-05-15 00:00:00",0.22
"1988-06-15 00:00:00",0.14
"1988-07-15 00:00:00",0.26
"1988-08-15 00:00:00",0.26
"1988-09-15 00:00:00",0.26
"1988-10-15 00:00:00",0.2
"1988-11-15 00:00:00",0.12
"1988-12-15 00:00:00",0.1
"1989-01-15 00:00:00",-0.03
"1989-02-15 00:00:00",0
"1989-03-15 00:00:00",0.02
"1989-04-15 00:00:00",-0.09
"1989-05-15 00:00:00",-0.19
"1989-06-15 00:00:00",-0.03
"1989-07-15 00:00:00",-0.03
"1989-08-15 00:00:00",-0.08
"1989-09-15 00:00:00",0.13
"1989-10-15 00:00:00",0.02
"1989-11-15 00:00:00",0
"1989-12-15 00:00:00",-0.12
"1990-01-15 00:00:00",-0.15
"1990-02-15 00:00:00",-0.54
"1990-03-15 00:00:00",-0.43
"1990-04-15 00:00:00",-0.34
"1990-05-15 00:00:00",-0.35
"1990-06-15 00:00:00",-0.24
"1990-07-15 00:00:00",-0.23
"1990-08-15 00:00:00",-0.09
"1990-09-15 00:00:00",0.07
"1990-10-15 00:00:00",0.1
"1990-11-15 00:00:00",0.05
"1990-12-15 00:00:00",-0.2
"1991-01-15 00:00:00",-0.09
"1991-02-15 00:00:00",-0.1
"1991-03-15 00:00:00",-0.25
"1991-04-15 00:00:00",-0.25
"1991-05-15 00:00:00",-0.27
"1991-06-15 00:00:00",-0.2
"1991-07-15 00:00:00",0.04
"1991-08-15 00:00:00",0.18
"1991-09-15 00:00:00",0.08
"1991-10-15 00:00:00",0
"1991-11-15 00:00:00",0.24
"1991-12-15 00:00:00",0.03
"1992-01-15 00:00:00",-0.05
"1992-02-15 00:00:00",0.03
"1992-03-15 00:00:00",0.13
"1992-04-15 00:00:00",0.02
"1992-05-15 00:00:00",-0.2
"1992-06-15 00:00:00",-0.04
"1992-07-15 00:00:00",-0.04
"1992-08-15 00:00:00",0.08
"1992-09-15 00:00:00",0.33
"1992-10-15 00:00:00",0.18
"1992-11-15 00:00:00",0.32
"1992-12-15 00:00:00",0.28
"1993-01-15 00:00:00",0.09
"1993-02-15 00:00:00",0
"1993-03-15 00:00:00",0.12
"1993-04-15 00:00:00",0.07
"1993-05-15 00:00:00",0.06
"1993-06-15 00:00:00",0.07
"1993-07-15 00:00:00",0.01
"1993-08-15 00:00:00",0.06
"1993-09-15 00:00:00",0.04
"1993-10-15 00:00:00",0.13
"1993-11-15 00:00:00",-0.11
"1993-12-15 00:00:00",-0.21
"1994-01-15 00:00:00",-0.15
"1994-02-15 00:00:00",-0.19
"1994-03-15 00:00:00",-0.31
"1994-04-15 00:00:00",-0.19
"1994-05-15 00:00:00",-0.12
"1994-06-15 00:00:00",-0.07
"1994-07-15 00:00:00",0.21
"1994-08-15 00:00:00",0.25
"1994-09-15 00:00:00",0.22
"1994-10-15 00:00:00",0.28
"1994-11-15 00:00:00",0.09
"1994-12-15 00:00:00",0.01
"1995-01-15 00:00:00",-0.01
"1995-02-15 00:00:00",0
"1995-03-15 00:00:00",0.26
"1995-04-15 00:00:00",0.33
"1995-05-15 00:00:00",-0.03
"1995-06-15 00:00:00",0.19
"1995-07-15 00:00:00",0.37
"1995-08-15 00:00:00",0.11
"1995-09-15 00:00:00",0.25
"1995-10-15 00:00:00",0.31
"1995-11-15 00:00:00",0.32
"1995-12-15 00:00:00",0.39
"1996-01-15 00:00:00",0.16
"1996-02-15 00:00:00",-0.06
"1996-03-15 00:00:00",-0.05
"1996-04-15 00:00:00",0.05
"1996-05-15 00:00:00",0
"1996-06-15 00:00:00",-0.08
"1996-07-15 00:00:00",0.29
"1996-08-15 00:00:00",0.27
"1996-09-15 00:00:00",0.34
"1996-10-15 00:00:00",0.43
"1996-11-15 00:00:00",0.36
"1996-12-15 00:00:00",0.09
"1997-01-15 00:00:00",0
"1997-02-15 00:00:00",0.1
"1997-03-15 00:00:00",0.1
"1997-04-15 00:00:00",0.14
"1997-05-15 00:00:00",0.12
"1997-06-15 00:00:00",0.01
"1997-07-15 00:00:00",0.13
"1997-08-15 00:00:00",0.2
"1997-09-15 00:00:00",0.3
"1997-10-15 00:00:00",0.2
"1997-11-15 00:00:00",-0.04
"1997-12-15 00:00:00",-0.07
"1998-01-15 00:00:00",-0.14
"1998-02-15 00:00:00",-0.3
"1998-03-15 00:00:00",-0.13
"1998-04-15 00:00:00",-0.16
"1998-05-15 00:00:00",-0.19
"1998-06-15 00:00:00",-0.24
"1998-07-15 00:00:00",-0.3
"1998-08-15 00:00:00",0.04
"1998-09-15 00:00:00",0.18
"1998-10-15 00:00:00",-0.09
"1998-11-15 00:00:00",-0.06
"1998-12-15 00:00:00",-0.18
"1999-01-15 00:00:00",-0.04
"1999-02-15 00:00:00",-0.09
"1999-03-15 00:00:00",-0.09
"1999-04-15 00:00:00",-0.14
"1999-05-15 00:00:00",-0.19
"1999-06-15 00:00:00",-0.03
"1999-07-15 00:00:00",0.01
"1999-08-15 00:00:00",0.13
"1999-09-15 00:00:00",0.37
"1999-10-15 00:00:00",0.27
"1999-11-15 00:00:00",0.19
"1999-12-15 00:00:00",0.06
"2000-01-15 00:00:00",-0.11
"2000-02-15 00:00:00",-0.23
"2000-03-15 00:00:00",-0.13
"2000-04-15 00:00:00",-0.12
"2000-05-15 00:00:00",-0.05
"2000-06-15 00:00:00",0.01
"2000-07-15 00:00:00",0.02
"2000-08-15 00:00:00",-0.04
"2000-09-15 00:00:00",0.03
"2000-10-15 00:00:00",-0.06
"2000-11-15 00:00:00",-0.16
"2000-12-15 00:00:00",-0.05
"2001-01-15 00:00:00",-0.11
"2001-02-15 00:00:00",-0.03
"2001-03-15 00:00:00",-0.21
"2001-04-15 00:00:00",-0.13
"2001-05-15 00:00:00",-0.08
"2001-06-15 00:00:00",-0.06
"2001-07-15 00:00:00",0.1
"2001-08-15 00:00:00",0.13
"2001-09-15 00:00:00",0.15
"2001-10-15 00:00:00",-0.05
"2001-11-15 00:00:00",0.01
"2001-12-15 00:00:00",-0.02
"2002-01-15 00:00:00",-0.01
"2002-02-15 00:00:00",-0.27
"2002-03-15 00:00:00",-0.17
"2002-04-15 00:00:00",-0.09
"2002-05-15 00:00:00",-0.15
"2002-06-15 00:00:00",-0.07
"2002-07-15 00:00:00",-0.07
"2002-08-15 00:00:00",-0.15
"2002-09-15 00:00:00",0.22
"2002-10-15 00:00:00",0.25
"2002-11-15 00:00:00",0.06
"2002-12-15 00:00:00",-0.06
"2003-01-15 00:00:00",0.01
"2003-02-15 00:00:00",-0.2
"2003-03-15 00:00:00",0.08
"2003-04-15 00:00:00",0
"2003-05-15 00:00:00",0.15
"2003-06-15 00:00:00",0.34
"2003-07-15 00:00:00",0.24
"2003-08-15 00:00:00",0.4
"2003-09-15 00:00:00",0.66
"2003-10-15 00:00:00",0.53
"2003-11-15 00:00:00",0.21
"2003-12-15 00:00:00",-0.03
"2004-01-15 00:00:00",0.03
"2004-02-15 00:00:00",0.19
"2004-03-15 00:00:00",-0.02
"2004-04-15 00:00:00",0.02
"2004-05-15 00:00:00",0.36
"2004-06-15 00:00:00",0.26
"2004-07-15 00:00:00",0.1
"2004-08-15 00:00:00",0.14
"2004-09-15 00:00:00",0.31
"2004-10-15 00:00:00",0.4
"2004-11-15 00:00:00",0.36
"2004-12-15 00:00:00",0.22
"2005-01-15 00:00:00",0.13
"2005-02-15 00:00:00",0.18
"2005-03-15 00:00:00",0.13
"2005-04-15 00:00:00",-0.05
"2005-05-15 00:00:00",0.13
"2005-06-15 00:00:00",0.07
"2005-07-15 00:00:00",0
"2005-08-15 00:00:00",0.09
"2005-09-15 00:00:00",0.3
"2005-10-15 00:00:00",0.07
"2005-11-15 00:00:00",0.02
"2005-12-15 00:00:00",0.12
"2006-01-15 00:00:00",0.21
"2006-02-15 00:00:00",0.02
"2006-03-15 00:00:00",0.11
"2006-04-15 00:00:00",0.05
"2006-05-15 00:00:00",-0.09
"2006-06-15 00:00:00",0.1
"2006-07-15 00:00:00",0.31
"2006-08-15 00:00:00",0.48
"2006-09-15 00:00:00",0.3
"2006-10-15 00:00:00",0.35
"2006-11-15 00:00:00",0.39
"2006-12-15 00:00:00",0.09
"2007-01-15 00:00:00",0.07
"2007-02-15 00:00:00",-0.08
"2007-03-15 00:00:00",0.04
"2007-04-15 00:00:00",-0.14
"2007-05-15 00:00:00",-0.07
"2007-06-15 00:00:00",0
"2007-07-15 00:00:00",0.15
"2007-08-15 00:00:00",0.29
"2007-09-15 00:00:00",0.11
"2007-10-15 00:00:00",0.02
"2007-11-15 00:00:00",0.24
"2007-12-15 00:00:00",0.2
"2008-01-15 00:00:00",-0.04
"2008-02-15 00:00:00",0
"2008-03-15 00:00:00",-0.06
"2008-04-15 00:00:00",-0.12
"2008-05-15 00:00:00",0
"2008-06-15 00:00:00",0.15
"2008-07-15 00:00:00",0.25
"2008-08-15 00:00:00",0.38
"2008-09-15 00:00:00",0.28
"2008-10-15 00:00:00",0.14
"2008-11-15 00:00:00",0.11
"2008-12-15 00:00:00",0.07
"2009-01-15 00:00:00",-0.07
"2009-02-15 00:00:00",-0.19
"2009-03-15 00:00:00",-0.17
"2009-04-15 00:00:00",-0.24
"2009-05-15 00:00:00",-0.28
"2009-06-15 00:00:00",-0.16
"2009-07-15 00:00:00",0.05
"2009-08-15 00:00:00",0.22
"2009-09-15 00:00:00",0.19
"2009-10-15 00:00:00",0.1
"2009-11-15 00:00:00",-0.08
"2009-12-15 00:00:00",-0.07
"2010-01-15 00:00:00",-0.12
"2010-02-15 00:00:00",-0.28
"2010-03-15 00:00:00",-0.24
"2010-04-15 00:00:00",-0.27
"2010-05-15 00:00:00",-0.16
"2010-06-15 00:00:00",-0.04
"2010-07-15 00:00:00",0.23
"2010-08-15 00:00:00",0.22
"2010-09-15 00:00:00",0.3
"2010-10-15 00:00:00",0.25
"2010-11-15 00:00:00",0.12
"2010-12-15 00:00:00",0.19
"2011-01-15 00:00:00",0.07
"2011-02-15 00:00:00",-0.08
"2011-03-15 00:00:00",-0.16
"2011-04-15 00:00:00",0
"2011-05-15 00:00:00",-0.07
"2011-06-15 00:00:00",0
"2011-07-15 00:00:00",0.18
"2011-08-15 00:00:00",0.18
"2011-09-15 00:00:00",0.1
"2011-10-15 00:00:00",0.08
"2011-11-15 00:00:00",-0.01
"2011-12-15 00:00:00",-0.2
"2012-01-15 00:00:00",-0.18
"2012-02-15 00:00:00",-0.1
"2012-03-15 00:00:00",-0.01
"2012-04-15 00:00:00",0.01
"2012-05-15 00:00:00",-0.04
"2012-06-15 00:00:00",-0.04
"2012-07-15 00:00:00",-0.05
"2012-08-15 00:00:00",-0.05
"2012-09-15 00:00:00",0.14
"2012-10-15 00:00:00",0.12
"2012-11-15 00:00:00",0.23
"2012-12-15 00:00:00",0.18
"2013-01-15 00:00:00",-0.01
"2013-02-15 00:00:00",-0.06
"2013-03-15 00:00:00",-0.04
"2013-04-15 00:00:00",-0.26
"2013-05-15 00:00:00",-0.05
"2013-06-15 00:00:00",0.11
"2013-07-15 00:00:00",0.1
"2013-08-15 00:00:00",0.14
"2013-09-15 00:00:00",0.29
"2013-10-15 00:00:00",0.32
"2013-11-15 00:00:00",0.16
"2013-12-15 00:00:00",0.02
"2014-01-15 00:00:00",0.02
"2014-02-15 00:00:00",-0.04
"2014-03-15 00:00:00",-0.06
"2014-04-15 00:00:00",-0.11
"2014-05-15 00:00:00",-0.18
"2014-06-15 00:00:00",0.23
"2014-07-15 00:00:00",0.15
"2014-08-15 00:00:00",0.3
"2014-09-15 00:00:00",0.52
"2014-10-15 00:00:00",0.4
"2014-11-15 00:00:00",0.15
"2014-12-15 00:00:00",0.1
"2015-01-15 00:00:00",-0.05
"2015-02-15 00:00:00",0.18
"2015-03-15 00:00:00",0.1
"2015-04-15 00:00:00",0.09
"2015-05-15 00:00:00",0.18
"2015-06-15 00:00:00",0.17
"2015-07-15 00:00:00",-0.03
"2015-08-15 00:00:00",0.09
"2015-09-15 00:00:00",0.21
"2015-10-15 00:00:00",0.26
"2015-11-15 00:00:00",0.11
"2015-12-15 00:00:00",0.09
"2016-01-15 00:00:00",0.22
"2016-02-15 00:00:00",0.27
"2016-03-15 00:00:00",0.02
"2016-04-15 00:00:00",0.24
"2016-05-15 00:00:00",0.23
"2016-06-15 00:00:00",0.3
"2016-07-15 00:00:00",0.31
"2016-08-15 00:00:00",0.33
"2016-09-15 00:00:00",0.51
"2016-10-15 00:00:00",0.5
"2016-11-15 00:00:00",0.31
"2016-12-15 00:00:00",0.28
"2017-01-15 00:00:00",0.14
"2017-02-15 00:00:00",0.27
"2017-03-15 00:00:00",0.32
"2017-04-15 00:00:00",0.56
"2017-05-15 00:00:00",0.53
"2017-06-15 00:00:00",0.34
"2017-07-15 00:00:00",0.33
"2017-08-15 00:00:00",0.76
"2017-09-15 00:00:00",0.58
"2017-10-15 00:00:00",0.5
"2017-11-15 00:00:00",0.42
"2017-12-15 00:00:00",0.37
"2018-01-15 00:00:00",0.33
"2018-02-15 00:00:00",0.15
"2018-03-15 00:00:00",0.07
"2018-04-15 00:00:00",0.06
"2018-05-15 00:00:00",0
"2018-06-15 00:00:00",0.18
"2018-07-15 00:00:00",0.3
"2018-08-15 00:00:00",0.46
"2018-09-15 00:00:00",0.46
"2018-10-15 00:00:00",0.37
"2018-11-15 00:00:00",0.19
"2018-12-15 00:00:00",0.06
"2019-01-15 00:00:00",0.12
"2019-02-15 00:00:00",-0.04
"2019-03-15 00:00:00",-0.07
"2019-04-15 00:00:00",0.06
"2019-05-15 00:00:00",0.15
"2019-06-15 00:00:00",0.03
"2019-07-15 00:00:00",0.34
"2019-08-15 00:00:00",0.52
"2019-09-15 00:00:00",0.39
"2019-10-15 00:00:00",0.47
"2019-11-15 00:00:00",0.52
"2019-12-15 00:00:00",0.59
"2020-01-15 00:00:00",0.26
"2020-02-15 00:00:00",0.09
"2020-03-15 00:00:00",0.25
"2020-04-15 00:00:00",0.28
"2020-05-15 00:00:00",0.35
"2020-06-15 00:00:00",0.54
"2020-07-15 00:00:00",0.73
"2020-08-15 00:00:00",0.65
"2020-09-15 00:00:00",0.7
"2020-10-15 00:00:00",0.74
"2020-11-15 00:00:00",0.59
"2020-12-15 00:00:00",0.49
"2021-01-15 00:00:00",0.34
"2021-02-15 00:00:00",0.38
"2021-03-15 00:00:00",0.25
"2021-04-15 00:00:00",0.15
"2021-05-15 00:00:00",0.14
"2021-06-15 00:00:00",0.23
"2021-07-15 00:00:00",0.16
"2021-08-15 00:00:00",0.39
"2021-09-15 00:00:00",0.3
"2021-10-15 00:00:00",0.21
"2021-11-15 00:00:00",0.21
"2021-12-15 00:00:00",0.23
"2022-01-15 00:00:00",0.14
"2022-02-15 00:00:00",0.14
"2022-03-15 00:00:00",0.05
"2022-04-15 00:00:00",0.1
"2022-05-15 00:00:00",0.1
"2022-06-15 00:00:00",0.03
"2022-07-15 00:00:00",0.06
"2022-08-15 00:00:00",0.19
"2022-09-15 00:00:00",0.33
"2022-10-15 00:00:00",0.34
"2022-11-15 00:00:00",0.11
"2022-12-15 00:00:00",0.11
"2023-01-15 00:00:00",0.07
"2023-02-15 00:00:00",-0.03
"2023-03-15 00:00:00",-0.05
"2023-04-15 00:00:00",-0.08
"2023-05-15 00:00:00",-0.08
"2023-06-15 00:00:00",-0.14
"2023-07-15 00:00:00",0.26
"2023-08-15 00:00:00",0.47
"2023-09-15 00:00:00",0.4
"2023-10-15 00:00:00",0.47
"2023-11-15 00:00:00",0.36
"2023-12-15 00:00:00",0.19
"2024-01-15 00:00:00",0.22
"2024-02-15 00:00:00",0.1
"2024-03-15 00:00:00",0.1
"2024-04-15 00:00:00",0.11
"2024-05-15 00:00:00",0.2
"2024-06-15 00:00:00",0.26
"2024-07-15 00:00:00",0.52
"2024-08-15 00:00:00",0.64
"2024-09-15 00:00:00",0.63
"2024-10-15 00:00:00",0.58
"2024-11-15 00:00:00",0.39
"2024-12-15 00:00:00",0.35
"2025-01-15 00:00:00",0.26
"2025-02-15 00:00:00",0.22
"2025-03-15 00:00:00",0.08
"2025-04-15 00:00:00",0.14
"2025-05-15 00:00:00",0.09
"2025-06-15 00:00:00",0.07
"2025-07-15 00:00:00",0.18
"2025-08-15 00:00:00",0.52
"2025-09-15 00:00:00",0.67
"2025-10-15 00:00:00",0.6
"2025-11-15 00:00:00",0.41